regulation of angiogenesis,regulation of vasculature development,angiogenesis,blood vessel morphogenesis,negative regulation of angiogenesis,negative regulation of vasculature development,negative regulation of blood vessel morphogenesis,blood vessel development
0.6481909106136235,0.6481909106136235,0.7561118106084123,0.7561118106084123,0.7404509454249634,0.7404509454249634,0.7404509454249634,0.7561118106084123
0.5867338132183686,0.5867338132183686,0.5902517234301049,0.5902517234301049,0.3449489574490442,0.3449489574490442,0.3449489574490442,0.5902517234301049
0.09903420445119097,0.09903420445119097,-0.010810508985831349,-0.010810508985831349,0.08656092877692874,0.08656092877692874,0.08656092877692874,-0.010810508985831349
-0.3018033461332656,-0.3018033461332656,-0.24342881579851347,-0.24342881579851347,-0.44249885006252726,-0.44249885006252726,-0.44249885006252726,-0.24342881579851347
0.5698945875423048,0.5698945875423048,0.7019600894396112,0.7019600894396112,0.5677452558035629,0.5677452558035629,0.5677452558035629,0.7019600894396112
-0.6800272960972201,-0.6800272960972201,-0.5124717141877007,-0.5124717141877007,-0.5875233625008749,-0.5875233625008749,-0.5875233625008749,-0.5124717141877007
-1.0925097595055553,-1.0925097595055553,-1.0723169418800285,-1.0723169418800285,-0.7399688972706817,-0.7399688972706817,-0.7399688972706817,-1.0723169418800285
-0.3867479055493182,-0.3867479055493182,-0.3035315047097097,-0.3035315047097097,-0.38119977677831707,-0.38119977677831707,-0.38119977677831707,-0.3035315047097097
-0.06427549673337629,-0.06427549673337629,-0.0920938593667224,-0.0920938593667224,-0.3392728379508857,-0.3392728379508857,-0.3392728379508857,-0.0920938593667224
-0.8622514798788045,-0.8622514798788045,-0.8749527021999561,-0.8749527021999561,-0.8397124721655429,-0.8397124721655429,-0.8397124721655429,-0.8749527021999561
-0.9256402788965588,-0.9256402788965588,-0.9292859585008885,-0.9292859585008885,-0.8786317340026765,-0.8786317340026765,-0.8786317340026765,-0.9292859585008885
-0.23737000492970675,-0.23737000492970675,-0.33934000938644376,-0.33934000938644376,0.25665314214961027,0.25665314214961027,0.25665314214961027,-0.33934000938644376
0.9120675888234513,0.9120675888234513,1.0487406449962766,1.0487406449962766,0.7045814753995597,0.7045814753995597,0.7045814753995597,1.0487406449962766
0.2684852252503675,0.2684852252503675,0.32860191494902763,0.32860191494902763,0.2305037925987975,0.2305037925987975,0.2305037925987975,0.32860191494902763
-0.30184776188205403,-0.30184776188205403,-0.28326072495312016,-0.28326072495312016,-0.31559386511926263,-0.31559386511926263,-0.31559386511926263,-0.28326072495312016
0.32910686440667564,0.32910686440667564,0.23060181229312934,0.23060181229312934,0.5478048363962709,0.5478048363962709,0.5478048363962709,0.23060181229312934
-0.45539888429087344,-0.45539888429087344,-0.5262219059817295,-0.5262219059817295,-0.048562675461526345,-0.048562675461526345,-0.048562675461526345,-0.5262219059817295
0.6031861808071973,0.6031861808071973,0.6038230995350966,0.6038230995350966,0.7878087527283657,0.7878087527283657,0.7878087527283657,0.6038230995350966
0.9248911290779427,0.9248911290779427,1.0824984243997413,1.0824984243997413,0.4861224683327726,0.4861224683327726,0.4861224683327726,1.0824984243997413
-0.17918670270788684,-0.17918670270788684,-0.1307204873421993,-0.1307204873421993,-0.27318480032440573,-0.27318480032440573,-0.27318480032440573,-0.1307204873421993
0.4723858547935353,0.4723858547935353,0.43957201721454264,0.43957201721454264,0.17331319115536636,0.17331319115536636,0.17331319115536636,0.43957201721454264
-0.7492390415204372,-0.7492390415204372,-0.778084897892784,-0.778084897892784,-0.504521184225857,-0.504521184225857,-0.504521184225857,-0.778084897892784
-0.3919401369826429,-0.3919401369826429,-0.47182869400324606,-0.47182869400324606,0.028943067155442925,0.028943067155442925,0.028943067155442925,-0.47182869400324606
-0.5225171890191663,-0.5225171890191663,-0.49150176831909376,-0.49150176831909376,-0.3220663286659371,-0.3220663286659371,-0.3220663286659371,-0.49150176831909376
-0.5041370288971244,-0.5041370288971244,-0.43756149745732065,-0.43756149745732065,-0.28180306092855884,-0.28180306092855884,-0.28180306092855884,-0.43756149745732065
-0.06290056094872588,-0.06290056094872588,-0.16534322297705215,-0.16534322297705215,-0.007298954557086845,-0.007298954557086845,-0.007298954557086845,-0.16534322297705215
-0.29567544750075286,-0.29567544750075286,-0.3133694915530722,-0.3133694915530722,-0.30196120362916146,-0.30196120362916146,-0.30196120362916146,-0.3133694915530722
-0.5765734651941382,-0.5765734651941382,-0.6300858324702422,-0.6300858324702422,-0.7096531764580825,-0.7096531764580825,-0.7096531764580825,-0.6300858324702422
-0.8702778123627697,-0.8702778123627697,-0.8818324157576404,-0.8818324157576404,-0.6348818625553299,-0.6348818625553299,-0.6348818625553299,-0.8818324157576404
-0.602807114079806,-0.602807114079806,-0.6525718172293858,-0.6525718172293858,-0.5862338507389304,-0.5862338507389304,-0.5862338507389304,-0.6525718172293858
-0.19231494882557956,-0.19231494882557956,-0.1832669080077504,-0.1832669080077504,0.16474919930693738,0.16474919930693738,0.16474919930693738,-0.1832669080077504
0.11878171521205233,0.11878171521205233,0.17568729668434982,0.17568729668434982,-0.12210497272495294,-0.12210497272495294,-0.12210497272495294,0.17568729668434982
-0.2702427912185304,-0.2702427912185304,-0.33870481771961797,-0.33870481771961797,0.022176956677676024,0.022176956677676024,0.022176956677676024,-0.33870481771961797
0.2149327529147269,0.2149327529147269,0.34449144446179397,0.34449144446179397,0.28496374760716325,0.28496374760716325,0.28496374760716325,0.34449144446179397
0.08500993438863179,0.08500993438863179,0.18953915298068758,0.18953915298068758,0.19289585568648487,0.19289585568648487,0.19289585568648487,0.18953915298068758
-0.1895151607399633,-0.1895151607399633,-0.2983215715095207,-0.2983215715095207,-0.536582612242999,-0.536582612242999,-0.536582612242999,-0.2983215715095207
-0.8432784716678073,-0.8432784716678073,-0.858690123733387,-0.858690123733387,-0.5862183740941299,-0.5862183740941299,-0.5862183740941299,-0.858690123733387
-0.3608450811219413,-0.3608450811219413,-0.24574743630636137,-0.24574743630636137,-0.7103784207537167,-0.7103784207537167,-0.7103784207537167,-0.24574743630636137
-0.8374962642300048,-0.8374962642300048,-0.8537339459295562,-0.8537339459295562,-0.9370255275613626,-0.9370255275613626,-0.9370255275613626,-0.8537339459295562
-0.3407860507420685,-0.3407860507420685,-0.1673977671932069,-0.1673977671932069,0.029284957387051946,0.029284957387051946,0.029284957387051946,-0.1673977671932069
-0.3670165940722758,-0.3670165940722758,-0.3161125005828015,-0.3161125005828015,0.13045375002020032,0.13045375002020032,0.13045375002020032,-0.3161125005828015
-0.11944806444700613,-0.11944806444700613,-0.23826406040127177,-0.23826406040127177,-0.26994418522418967,-0.26994418522418967,-0.26994418522418967,-0.23826406040127177
-0.21814858811237522,-0.21814858811237522,-0.3228645092573025,-0.3228645092573025,-0.06478279331629268,-0.06478279331629268,-0.06478279331629268,-0.3228645092573025
-0.6366575158656416,-0.6366575158656416,-0.5852133705204331,-0.5852133705204331,-0.8398718318919718,-0.8398718318919718,-0.8398718318919718,-0.5852133705204331
-0.9563747006033291,-0.9563747006033291,-0.9556297485352628,-0.9556297485352628,-0.6850531753300659,-0.6850531753300659,-0.6850531753300659,-0.9556297485352628
-0.29888380951974786,-0.29888380951974786,-0.14994194217875828,-0.14994194217875828,0.1406864036261346,0.1406864036261346,0.1406864036261346,-0.14994194217875828
-0.578851592608893,-0.578851592608893,-0.6320385131114605,-0.6320385131114605,-0.45153363117432593,-0.45153363117432593,-0.45153363117432593,-0.6320385131114605
-0.41236761597787724,-0.41236761597787724,-0.48933796171344696,-0.48933796171344696,-0.1352291105936339,-0.1352291105936339,-0.1352291105936339,-0.48933796171344696
1.236759937118208,1.236759937118208,1.2397175989576028,1.2397175989576028,1.2193866058897047,1.2193866058897047,1.2193866058897047,1.2397175989576028
0.43547386662995846,0.43547386662995846,0.549254973874565,0.549254973874565,0.02508097921030189,0.02508097921030189,0.02508097921030189,0.549254973874565
0.7268689982944744,0.7268689982944744,0.8073971217148389,0.8073971217148389,0.6737427613324898,0.6737427613324898,0.6737427613324898,0.8073971217148389
-0.39295675973546884,-0.39295675973546884,-0.47270008493423976,-0.47270008493423976,-0.19460757109431462,-0.19460757109431462,-0.19460757109431462,-0.47270008493423976
-0.24398831386594758,-0.24398831386594758,-0.07414149908846682,-0.07414149908846682,-0.3518072925794887,-0.3518072925794887,-0.3518072925794887,-0.07414149908846682
0.24751985192073045,0.24751985192073045,0.3959020762941892,0.3959020762941892,-0.11329929831832003,-0.11329929831832003,-0.11329929831832003,0.3959020762941892
0.45039337841972,0.45039337841972,0.5910827590794582,0.5910827590794582,0.30163498588094356,0.30163498588094356,0.30163498588094356,0.5910827590794582
-0.20161056376564698,-0.20161056376564698,-0.18114710871859116,-0.18114710871859116,-0.044685193298809746,-0.044685193298809746,-0.044685193298809746,-0.18114710871859116
-0.32205737948416785,-0.32205737948416785,-0.1738901234838329,-0.1738901234838329,-0.2952754040190916,-0.2952754040190916,-0.2952754040190916,-0.1738901234838329
0.04076702831860415,0.04076702831860415,-0.10093683803074867,-0.10093683803074867,0.4105337424810813,0.4105337424810813,0.4105337424810813,-0.10093683803074867
-0.5021232809077913,-0.5021232809077913,-0.5067657824124924,-0.5067657824124924,-0.8107056247969073,-0.8107056247969073,-0.8107056247969073,-0.5067657824124924
-0.11848717670171337,-0.11848717670171337,-0.04033625289997348,-0.04033625289997348,-0.13926426391624677,-0.13926426391624677,-0.13926426391624677,-0.04033625289997348
-0.5204570515100042,-0.5204570515100042,-0.5819860493124132,-0.5819860493124132,-0.49910331766278826,-0.49910331766278826,-0.49910331766278826,-0.5819860493124132
-0.4221270199951424,-0.4221270199951424,-0.4977031651568172,-0.4977031651568172,-0.33698173498712525,-0.33698173498712525,-0.33698173498712525,-0.4977031651568172
-0.018696838115906864,-0.018696838115906864,0.00606775220974685,0.00606775220974685,-0.06180350400514438,-0.06180350400514438,-0.06180350400514438,0.00606775220974685
-0.31334368002585683,-0.31334368002585683,-0.3010079407245469,-0.3010079407245469,0.2626777578050014,0.2626777578050014,0.2626777578050014,-0.3010079407245469
-0.19476893308659768,-0.19476893308659768,-0.30282480494949304,-0.30282480494949304,0.00945302863589531,0.00945302863589531,0.00945302863589531,-0.30282480494949304
0.8737772389931884,0.8737772389931884,1.0091948673220659,1.0091948673220659,0.4549974437455278,0.4549974437455278,0.4549974437455278,1.0091948673220659
1.0872129849725993,1.0872129849725993,1.1805468621460413,1.1805468621460413,1.024511945279947,1.024511945279947,1.024511945279947,1.1805468621460413
-0.4190480986077421,-0.4190480986077421,-0.4950640896819026,-0.4950640896819026,-0.49539470701701666,-0.49539470701701666,-0.49539470701701666,-0.4950640896819026
0.13187261137477588,0.13187261137477588,-0.022846338268315707,-0.022846338268315707,0.13254882965731768,0.13254882965731768,0.13254882965731768,-0.022846338268315707
0.31779017291559275,0.31779017291559275,0.13651157162381303,0.13651157162381303,0.2590452599944093,0.2590452599944093,0.2590452599944093,0.13651157162381303
0.49167320861436153,0.49167320861436153,0.3412203678685889,0.3412203678685889,0.5866491124956156,0.5866491124956156,0.5866491124956156,0.3412203678685889
0.3686887859638863,0.3686887859638863,0.5536795315593388,0.5536795315593388,0.4649088106864051,0.4649088106864051,0.4649088106864051,0.5536795315593388
0.446130170476802,0.446130170476802,0.5430067724403335,0.5430067724403335,0.5171045973500924,0.5171045973500924,0.5171045973500924,0.5430067724403335
-1.3644164870257693,-1.3644164870257693,-1.3053798511830688,-1.3053798511830688,-1.3309394387890074,-1.3309394387890074,-1.3309394387890074,-1.3053798511830688
0.3531003797062981,0.3531003797062981,0.3844857380481853,0.3844857380481853,0.6544919925651571,0.6544919925651571,0.6544919925651571,0.3844857380481853
-0.01896388433895896,-0.01896388433895896,-0.07866449045456825,-0.07866449045456825,0.340524993447028,0.340524993447028,0.340524993447028,-0.07866449045456825
-0.42064752264575617,-0.42064752264575617,-0.4964350245716288,-0.4964350245716288,-0.34723031145027505,-0.34723031145027505,-0.34723031145027505,-0.4964350245716288
0.5640430063199718,0.5640430063199718,0.6727097942889981,0.6727097942889981,-0.1501624835493775,-0.1501624835493775,-0.1501624835493775,0.6727097942889981
-0.55939500815253,-0.55939500815253,-0.6153614407202923,-0.6153614407202923,-0.3752598084743377,-0.3752598084743377,-0.3752598084743377,-0.6153614407202923
-0.3051950545883555,-0.3051950545883555,-0.39747576623671405,-0.39747576623671405,-0.2544177723582284,-0.2544177723582284,-0.2544177723582284,-0.39747576623671405
-0.35610618326033744,-0.35610618326033744,-0.2903642409972312,-0.2903642409972312,-0.026892175763120807,-0.026892175763120807,-0.026892175763120807,-0.2903642409972312
-0.21406353603269226,-0.21406353603269226,-0.3193630360461455,-0.3193630360461455,-0.32012142884626726,-0.32012142884626726,-0.32012142884626726,-0.3193630360461455
0.9880358040293253,0.9880358040293253,0.9688458711152645,0.9688458711152645,0.9617877957884011,0.9617877957884011,0.9617877957884011,0.9688458711152645
-0.2306680472122212,-0.2306680472122212,-0.33359547420002755,-0.33359547420002755,-0.1360729200540213,-0.1360729200540213,-0.1360729200540213,-0.33359547420002755
0.7765585145984497,0.7765585145984497,0.7917242744248707,0.7917242744248707,0.821480731178107,0.821480731178107,0.821480731178107,0.7917242744248707
0.167935236650636,0.167935236650636,0.21004522314152949,0.21004522314152949,0.4108727341446844,0.4108727341446844,0.4108727341446844,0.21004522314152949
0.782850519194079,0.782850519194079,0.9332722439454928,0.9332722439454928,1.2170965541540348,1.2170965541540348,1.2170965541540348,0.9332722439454928
1.115893773248078,1.115893773248078,1.2482961460983086,1.2482961460983086,0.8846732424429786,0.8846732424429786,0.8846732424429786,1.2482961460983086
0.8575049907002832,0.8575049907002832,0.999436766256745,0.999436766256745,0.725201129251213,0.725201129251213,0.725201129251213,0.999436766256745
0.28055365401880167,0.28055365401880167,0.3860021255123245,0.3860021255123245,0.3807972342718839,0.3807972342718839,0.3807972342718839,0.3860021255123245
-0.03855596904298013,-0.03855596904298013,-0.0981921305902488,-0.0981921305902488,0.01272824711044572,0.01272824711044572,0.01272824711044572,-0.0981921305902488
-0.7900083958811388,-0.7900083958811388,-0.8130300587733856,-0.8130300587733856,-0.5579676814942653,-0.5579676814942653,-0.5579676814942653,-0.8130300587733856
-0.4795723617108762,-0.4795723617108762,-0.5350420140429127,-0.5350420140429127,-0.3158366144956806,-0.3158366144956806,-0.3158366144956806,-0.5350420140429127
0.005121762611546223,0.005121762611546223,0.20062079958541262,0.20062079958541262,-0.37757259539800525,-0.37757259539800525,-0.37757259539800525,0.20062079958541262
-0.6432874775846327,-0.6432874775846327,-0.6872692716620944,-0.6872692716620944,-0.39643770130835265,-0.39643770130835265,-0.39643770130835265,-0.6872692716620944
0.022100592514342373,0.022100592514342373,0.0802852847233561,0.0802852847233561,-0.35757966410884495,-0.35757966410884495,-0.35757966410884495,0.0802852847233561
-0.3900860512198729,-0.3900860512198729,-0.4702394776351575,-0.4702394776351575,-0.42942391768308186,-0.42942391768308186,-0.42942391768308186,-0.4702394776351575
0.20944426363348545,0.20944426363348545,0.043643649382006745,0.043643649382006745,0.18622341232542056,0.18622341232542056,0.18622341232542056,0.043643649382006745
-0.39353795717773304,-0.39353795717773304,-0.4731982541704662,-0.4731982541704662,-0.12374277061001354,-0.12374277061001354,-0.12374277061001354,-0.4731982541704662
0.5864594795650205,0.5864594795650205,0.702007436205616,0.702007436205616,0.4301802986936074,0.4301802986936074,0.4301802986936074,0.702007436205616
-0.39621228432733907,-0.39621228432733907,-0.4754905345844142,-0.4754905345844142,-0.26295547647878725,-0.26295547647878725,-0.26295547647878725,-0.4754905345844142
-0.31938018605033897,-0.31938018605033897,-0.4096344503469856,-0.4096344503469856,-0.44605786215717685,-0.44605786215717685,-0.44605786215717685,-0.4096344503469856
0.4292492900027029,0.4292492900027029,0.4656884528150143,0.4656884528150143,0.21734603528014404,0.21734603528014404,0.21734603528014404,0.4656884528150143
-0.2660101446869085,-0.2660101446869085,-0.3638887006069023,-0.3638887006069023,-0.30286209847442525,-0.30286209847442525,-0.30286209847442525,-0.3638887006069023
0.12137028239849257,0.12137028239849257,-0.007646929655047556,-0.007646929655047556,-0.3118373865420703,-0.3118373865420703,-0.3118373865420703,-0.007646929655047556
-0.00029573943873443625,-0.00029573943873443625,0.30682599124675314,0.30682599124675314,-0.4405880085763849,-0.4405880085763849,-0.4405880085763849,0.30682599124675314
-0.2387225734983548,-0.2387225734983548,-0.12501494213881664,-0.12501494213881664,-1.0547174153665984,-1.0547174153665984,-1.0547174153665984,-0.12501494213881664
-0.3151492657959277,-0.3151492657959277,-0.40600794727177597,-0.40600794727177597,-0.26238827623401667,-0.26238827623401667,-0.26238827623401667,-0.40600794727177597
0.24613964138685132,0.24613964138685132,0.17981786512471354,0.17981786512471354,0.1266546529571005,0.1266546529571005,0.1266546529571005,0.17981786512471354
0.1543999368054432,0.1543999368054432,0.01125672914388416,0.01125672914388416,0.17948630099533336,0.17948630099533336,0.17948630099533336,0.01125672914388416
0.048466310018430124,0.048466310018430124,-0.0943374537166121,-0.0943374537166121,0.17672845088688205,0.17672845088688205,0.17672845088688205,-0.0943374537166121
0.21081016686255927,0.21081016686255927,0.468648190663691,0.468648190663691,0.5741761750316958,0.5741761750316958,0.5741761750316958,0.468648190663691
0.7492082828775578,0.7492082828775578,0.8263242409982329,0.8263242409982329,0.6567199140416304,0.6567199140416304,0.6567199140416304,0.8263242409982329
0.1588760776252697,0.1588760776252697,0.18959930365538727,0.18959930365538727,0.026131955702053657,0.026131955702053657,0.026131955702053657,0.18959930365538727
-0.4857648835437829,-0.4857648835437829,-0.5522499053413661,-0.5522499053413661,-0.6829771787115477,-0.6829771787115477,-0.6829771787115477,-0.5522499053413661
-0.23675314608808293,-0.23675314608808293,-0.3388112732364804,-0.3388112732364804,-0.11980826580587209,-0.11980826580587209,-0.11980826580587209,-0.3388112732364804
-0.08143829052362465,-0.08143829052362465,-0.20568425418123046,-0.20568425418123046,-0.10984456039314935,-0.10984456039314935,-0.10984456039314935,-0.20568425418123046
-0.02656039606553588,-0.02656039606553588,0.0703508141772614,0.0703508141772614,-0.10168663937485664,-0.10168663937485664,-0.10168663937485664,0.0703508141772614
0.5629949391721447,0.5629949391721447,0.45998924065479685,0.45998924065479685,0.7432901162819281,0.7432901162819281,0.7432901162819281,0.45998924065479685
-0.2587618349640323,-0.2587618349640323,-0.35767586370157994,-0.35767586370157994,-0.32244758294968484,-0.32244758294968484,-0.32244758294968484,-0.35767586370157994
1.0188248759052245,1.0188248759052245,1.150238903715445,1.150238903715445,0.7405539937148685,0.7405539937148685,0.7405539937148685,1.150238903715445
-0.0777326654301289,-0.0777326654301289,-0.03542347013023269,-0.03542347013023269,0.042926594187810085,0.042926594187810085,0.042926594187810085,-0.03542347013023269
0.03352844299095387,0.03352844299095387,-0.10714133974016314,-0.10714133974016314,-0.3422205063860938,-0.3422205063860938,-0.3422205063860938,-0.10714133974016314
0.2985674297592193,0.2985674297592193,0.12620885218258437,0.12620885218258437,0.5742523541509787,0.5742523541509787,0.5742523541509787,0.12620885218258437
0.4516808803007706,0.4516808803007706,0.5850322987301598,0.5850322987301598,0.22139279261130798,0.22139279261130798,0.22139279261130798,0.5850322987301598
-0.02631205816899576,-0.02631205816899576,0.17505165884270527,0.17505165884270527,-0.23504945566522586,-0.23504945566522586,-0.23504945566522586,0.17505165884270527
-0.23479898270586774,-0.23479898270586774,-0.3371362760517245,-0.3371362760517245,-0.31825095461246494,-0.31825095461246494,-0.31825095461246494,-0.3371362760517245
-0.12512613564351463,-0.12512613564351463,-0.06773867057453956,-0.06773867057453956,0.12502723148758177,0.12502723148758177,0.12502723148758177,-0.06773867057453956
-0.1697444424182066,-0.1697444424182066,-0.2813752415194436,-0.2813752415194436,-0.07519701146160489,-0.07519701146160489,-0.07519701146160489,-0.2813752415194436
0.1258869277234688,0.1258869277234688,0.23568621648974827,0.23568621648974827,0.06648468420720757,0.06648468420720757,0.06648468420720757,0.23568621648974827
0.17771346465049945,0.17771346465049945,0.016445821682304483,0.016445821682304483,0.17257307729614313,0.17257307729614313,0.17257307729614313,0.016445821682304483
0.39121877649577286,0.39121877649577286,0.4006633426619449,0.4006633426619449,0.4223886745005138,0.4223886745005138,0.4223886745005138,0.4006633426619449
0.14228750636683057,0.14228750636683057,0.13323110724331022,0.13323110724331022,0.3443124482392237,0.3443124482392237,0.3443124482392237,0.13323110724331022
0.42128565131406664,0.42128565131406664,0.29041114312900695,0.29041114312900695,0.4840973469821975,0.4840973469821975,0.4840973469821975,0.29041114312900695
0.30522396859485473,0.30522396859485473,0.38083936313846734,0.38083936313846734,0.0026420606195181884,0.0026420606195181884,0.0026420606195181884,0.38083936313846734
0.4503438931417069,0.4503438931417069,0.6237379438941886,0.6237379438941886,0.33804641785469586,0.33804641785469586,0.33804641785469586,0.6237379438941886
-0.0915256654875234,-0.0915256654875234,-0.01419563676675138,-0.01419563676675138,-0.43577750226959067,-0.43577750226959067,-0.43577750226959067,-0.01419563676675138
1.0214662585148515,1.0214662585148515,0.9725762475896903,0.9725762475896903,1.0446252050339377,1.0446252050339377,1.0446252050339377,0.9725762475896903
-0.022583955173706732,-0.022583955173706732,-0.15523768102415803,-0.15523768102415803,-0.37960897732264254,-0.37960897732264254,-0.37960897732264254,-0.15523768102415803
0.5221535157708016,0.5221535157708016,0.311680151213992,0.311680151213992,0.4201232138547114,0.4201232138547114,0.4201232138547114,0.311680151213992
-0.7911162047376803,-0.7911162047376803,-0.8139796092218495,-0.8139796092218495,-0.557157569210963,-0.557157569210963,-0.557157569210963,-0.8139796092218495
0.4196240949374324,0.4196240949374324,0.5719215583894026,0.5719215583894026,0.1147338673679485,0.1147338673679485,0.1147338673679485,0.5719215583894026
-0.3020331126435806,-0.3020331126435806,-0.39476553028404987,-0.39476553028404987,-0.4137614097840344,-0.4137614097840344,-0.4137614097840344,-0.39476553028404987
0.5189149821683513,0.5189149821683513,0.30890426526903475,0.30890426526903475,0.6247688895944221,0.6247688895944221,0.6247688895944221,0.30890426526903475
-0.7654672630039528,-0.7654672630039528,-0.7919948020215118,-0.7919948020215118,-0.6519029148860284,-0.6519029148860284,-0.6519029148860284,-0.7919948020215118
0.14078295488715217,0.14078295488715217,0.20106558872721716,0.20106558872721716,0.11569145564044463,0.11569145564044463,0.11569145564044463,0.20106558872721716
0.8728589708090714,0.8728589708090714,1.0498180480983261,1.0498180480983261,0.577243561913094,0.577243561913094,0.577243561913094,1.0498180480983261
-0.119187778585549,-0.119187778585549,-0.11502351229411996,-0.11502351229411996,0.012340285303017277,0.012340285303017277,0.012340285303017277,-0.11502351229411996
0.015878657530203885,0.015878657530203885,-0.1222697272779489,-0.1222697272779489,0.11761947307108836,0.11761947307108836,0.11761947307108836,-0.1222697272779489
-0.44917906264011337,-0.44917906264011337,-0.44788775874320524,-0.44788775874320524,-0.4982154827881916,-0.4982154827881916,-0.4982154827881916,-0.44788775874320524
0.3085906706631795,0.3085906706631795,0.2517183393361272,0.2517183393361272,0.1376262417676914,0.1376262417676914,0.1376262417676914,0.2517183393361272
0.04619032233183069,0.04619032233183069,-0.0962883003051259,-0.0962883003051259,0.13251109435725286,0.13251109435725286,0.13251109435725286,-0.0962883003051259
0.4808806721116851,0.4808806721116851,0.4384918366778902,0.4384918366778902,0.8095879382880641,0.8095879382880641,0.8095879382880641,0.4384918366778902
-0.14109284813987719,-0.14109284813987719,-0.24354447452744918,-0.24354447452744918,-0.2401727257102182,-0.2401727257102182,-0.2401727257102182,-0.24354447452744918
0.7284945266752398,0.7284945266752398,0.8977910018750298,0.8977910018750298,0.9208660454572186,0.9208660454572186,0.9208660454572186,0.8977910018750298
0.3898216039979346,0.3898216039979346,0.5285822408922095,0.5285822408922095,-0.5105749992669008,-0.5105749992669008,-0.5105749992669008,0.5285822408922095
-0.17874860934687653,-0.17874860934687653,-0.2305487485626709,-0.2305487485626709,0.13570844922042286,0.13570844922042286,0.13570844922042286,-0.2305487485626709
0.10288644208822795,0.10288644208822795,0.3604551578357641,0.3604551578357641,-0.3808742338865639,-0.3808742338865639,-0.3808742338865639,0.3604551578357641
-0.13559949548010675,-0.13559949548010675,-0.2521081441439294,-0.2521081441439294,0.28461484675265525,0.28461484675265525,0.28461484675265525,-0.2521081441439294
-0.41637490302691277,-0.41637490302691277,-0.4927727791840488,-0.4927727791840488,-0.4022572102898635,-0.4022572102898635,-0.4022572102898635,-0.4927727791840488
0.012402042241596337,0.012402042241596337,-0.12524968323961247,-0.12524968323961247,0.14456574158041285,0.14456574158041285,0.14456574158041285,-0.12524968323961247
-0.19512326147245282,-0.19512326147245282,-0.3031285149945118,-0.3031285149945118,-0.09577853937053397,-0.09577853937053397,-0.09577853937053397,-0.3031285149945118
-0.3492692336292471,-0.3492692336292471,-0.3833093363264397,-0.3833093363264397,-0.41647271286082554,-0.41647271286082554,-0.41647271286082554,-0.3833093363264397
0.6028960638698496,0.6028960638698496,0.7948606901145502,0.7948606901145502,0.3795467832422336,0.3795467832422336,0.3795467832422336,0.7948606901145502
-0.3255675713518252,-0.3255675713518252,-0.41493792346254516,-0.41493792346254516,-0.12570759262995668,-0.12570759262995668,-0.12570759262995668,-0.41493792346254516
-0.14854344223819801,-0.14854344223819801,-0.26320295565086477,-0.26320295565086477,-0.14766756490599492,-0.14766756490599492,-0.14766756490599492,-0.26320295565086477
-0.12220571560400528,-0.12220571560400528,-0.06511270507876642,-0.06511270507876642,-0.2122314133908839,-0.2122314133908839,-0.2122314133908839,-0.06511270507876642
0.9039627365935127,0.9039627365935127,0.8976156759852069,0.8976156759852069,0.27346675742183224,0.27346675742183224,0.27346675742183224,0.8976156759852069
-0.44605590064714457,-0.44605590064714457,-0.5182136342871048,-0.5182136342871048,-0.5387560155319923,-0.5387560155319923,-0.5387560155319923,-0.5182136342871048
-0.004246092390649718,-0.004246092390649718,-0.1383987881281546,-0.1383987881281546,-0.2866056420853973,-0.2866056420853973,-0.2866056420853973,-0.1383987881281546
1.008928181704119,1.008928181704119,1.0600054180221152,1.0600054180221152,0.9099954021473848,0.9099954021473848,0.9099954021473848,1.0600054180221152
0.12050998786851974,0.12050998786851974,0.11060171809485499,0.11060171809485499,0.17305630005888434,0.17305630005888434,0.17305630005888434,0.11060171809485499
0.7878727604045052,0.7878727604045052,0.8576564409646502,0.8576564409646502,0.8708325800032665,0.8708325800032665,0.8708325800032665,0.8576564409646502
0.15421179553489817,0.15421179553489817,0.024670716316985357,0.024670716316985357,0.2774202754698693,0.2774202754698693,0.2774202754698693,0.024670716316985357
-0.23242881791109596,-0.23242881791109596,-0.21303155948323763,-0.21303155948323763,0.05713231568725241,0.05713231568725241,0.05713231568725241,-0.21303155948323763
0.7158621964955058,0.7158621964955058,0.8270914440771004,0.8270914440771004,-0.4380477944880652,-0.4380477944880652,-0.4380477944880652,0.8270914440771004
0.9432520197789728,0.9432520197789728,1.003809379692176,1.003809379692176,0.4698254885969797,0.4698254885969797,0.4698254885969797,1.003809379692176
1.38739130453163,1.38739130453163,1.505481715599161,1.505481715599161,1.5677589353641883,1.5677589353641883,1.5677589353641883,1.505481715599161
0.1106318457587323,0.1106318457587323,0.12985108203575974,0.12985108203575974,-0.31343054355386246,-0.31343054355386246,-0.31343054355386246,0.12985108203575974
0.6690653520697573,0.6690653520697573,0.5817001706057746,0.5817001706057746,0.41177370343378933,0.41177370343378933,0.41177370343378933,0.5817001706057746
0.9188078808496646,0.9188078808496646,0.9423950123302962,0.9423950123302962,0.7065991598156736,0.7065991598156736,0.7065991598156736,0.9423950123302962
1.8652130217790885,1.8652130217790885,2.211694096169231,2.211694096169231,1.4350143454684987,1.4350143454684987,1.4350143454684987,2.211694096169231
-0.14077475049920404,-0.14077475049920404,-0.10609122916769345,-0.10609122916769345,0.09973230835826354,0.09973230835826354,0.09973230835826354,-0.10609122916769345
1.1417076515105617,1.1417076515105617,1.1280221193323776,1.1280221193323776,0.16915104608181875,0.16915104608181875,0.16915104608181875,1.1280221193323776
0.21087791006602138,0.21087791006602138,0.14536744159967435,0.14536744159967435,0.0034809407036855977,0.0034809407036855977,0.0034809407036855977,0.14536744159967435
0.37314196221653245,0.37314196221653245,0.5072417956431435,0.5072417956431435,0.4440725326390986,0.4440725326390986,0.4440725326390986,0.5072417956431435
-0.5408688014233439,-0.5408688014233439,-0.5305670932203281,-0.5305670932203281,-0.866006812758947,-0.866006812758947,-0.866006812758947,-0.5305670932203281
0.1672345276776217,0.1672345276776217,0.06583566409185859,0.06583566409185859,0.3757635940904919,0.3757635940904919,0.3757635940904919,0.06583566409185859
0.078017588559516,0.078017588559516,0.07087010490609394,0.07087010490609394,0.023026898403216922,0.023026898403216922,0.023026898403216922,0.07087010490609394
0.008517264705118354,0.008517264705118354,0.12830210607014586,0.12830210607014586,-0.1849921597076789,-0.1849921597076789,-0.1849921597076789,0.12830210607014586
0.6523932862184667,0.6523932862184667,0.7391543125786658,0.7391543125786658,0.5703245866834094,0.5703245866834094,0.5703245866834094,0.7391543125786658
-0.24897183028879355,-0.24897183028879355,-0.2030682243517905,-0.2030682243517905,-0.09649060324287745,-0.09649060324287745,-0.09649060324287745,-0.2030682243517905
-0.1156325747638957,-0.1156325747638957,-0.18101077480221123,-0.18101077480221123,0.060427193713711,0.060427193713711,0.060427193713711,-0.18101077480221123
-0.1066003023718306,-0.1066003023718306,-0.004118563954120905,-0.004118563954120905,-0.13741213841554267,-0.13741213841554267,-0.13741213841554267,-0.004118563954120905
0.08049855616760986,0.08049855616760986,0.2420708550069166,0.2420708550069166,0.0027788230176186146,0.0027788230176186146,0.0027788230176186146,0.2420708550069166
0.39050897495039755,0.39050897495039755,0.4645063492182791,0.4645063492182791,0.3172454731204036,0.3172454731204036,0.3172454731204036,0.4645063492182791
-0.034409689984684154,-0.034409689984684154,-0.06885257014032921,-0.06885257014032921,0.06290645060349392,0.06290645060349392,0.06290645060349392,-0.06885257014032921
0.03002578583816523,0.03002578583816523,0.05361746233941949,0.05361746233941949,0.043214295040873624,0.043214295040873624,0.043214295040873624,0.05361746233941949
0.2785310795440969,0.2785310795440969,0.2511972409973794,0.2511972409973794,0.211681691496871,0.211681691496871,0.211681691496871,0.2511972409973794
-0.3618135752451504,-0.3618135752451504,-0.550109912285223,-0.550109912285223,0.03732125221624538,0.03732125221624538,0.03732125221624538,-0.550109912285223
0.07824848785988897,0.07824848785988897,0.03555696274885341,0.03555696274885341,0.1247921275827106,0.1247921275827106,0.1247921275827106,0.03555696274885341
-0.5921330301989488,-0.5921330301989488,-0.5488525581354228,-0.5488525581354228,-0.42622920382049645,-0.42622920382049645,-0.42622920382049645,-0.5488525581354228
-0.30774095097340176,-0.30774095097340176,-0.2893909366093784,-0.2893909366093784,-0.6271661895372775,-0.6271661895372775,-0.6271661895372775,-0.2893909366093784
0.4536880211726457,0.4536880211726457,0.6395388266805536,0.6395388266805536,0.20330627965768727,0.20330627965768727,0.20330627965768727,0.6395388266805536
-0.42779435946750416,-0.42779435946750416,-0.4992017041760763,-0.4992017041760763,-0.14259927050817595,-0.14259927050817595,-0.14259927050817595,-0.4992017041760763
-0.30715873401707144,-0.30715873401707144,-0.3323329617339676,-0.3323329617339676,-0.24617291254009596,-0.24617291254009596,-0.24617291254009596,-0.3323329617339676
-0.7640877334467024,-0.7640877334467024,-0.7465816033953144,-0.7465816033953144,-0.8584195867371187,-0.8584195867371187,-0.8584195867371187,-0.7465816033953144
0.8020393043688432,0.8020393043688432,0.713046390998827,0.713046390998827,0.6319200283135639,0.6319200283135639,0.6319200283135639,0.713046390998827
-0.47526553977917274,-0.47526553977917274,-0.5605227036823078,-0.5605227036823078,-0.27301007991684795,-0.27301007991684795,-0.27301007991684795,-0.5605227036823078
-0.30059723149810713,-0.30059723149810713,-0.34409496267048445,-0.34409496267048445,-0.12769507969318433,-0.12769507969318433,-0.12769507969318433,-0.34409496267048445
-0.03368398508034683,-0.03368398508034683,0.018848998881491878,0.018848998881491878,0.019554273329013133,0.019554273329013133,0.019554273329013133,0.018848998881491878
-0.18682663144537925,-0.18682663144537925,-0.2072835944412358,-0.2072835944412358,-0.10326857809976157,-0.10326857809976157,-0.10326857809976157,-0.2072835944412358
-0.18178127563465915,-0.18178127563465915,-0.18336637431712247,-0.18336637431712247,0.053158223814403764,0.053158223814403764,0.053158223814403764,-0.18336637431712247
-0.5556022693150703,-0.5556022693150703,-0.5473453230314921,-0.5473453230314921,-0.025626826428087668,-0.025626826428087668,-0.025626826428087668,-0.5473453230314921
-0.6786346957642536,-0.6786346957642536,-0.860425797811686,-0.860425797811686,-0.4251466725826753,-0.4251466725826753,-0.4251466725826753,-0.860425797811686
-0.564235576049493,-0.564235576049493,-0.5012658755560618,-0.5012658755560618,-0.8575199113204354,-0.8575199113204354,-0.8575199113204354,-0.5012658755560618
-0.623685287472748,-0.623685287472748,-0.6423133546515357,-0.6423133546515357,-0.28552058422563165,-0.28552058422563165,-0.28552058422563165,-0.6423133546515357
-0.6507040109719997,-0.6507040109719997,-0.734623614079261,-0.734623614079261,-0.5920439787881409,-0.5920439787881409,-0.5920439787881409,-0.734623614079261
0.4894476885041459,0.4894476885041459,0.4384117942750973,0.4384117942750973,0.37543466956221133,0.37543466956221133,0.37543466956221133,0.4384117942750973
-0.4093373119707789,-0.4093373119707789,-0.3574863849715602,-0.3574863849715602,-0.38090351022081814,-0.38090351022081814,-0.38090351022081814,-0.3574863849715602
0.705045175458845,0.705045175458845,0.6694576863534866,0.6694576863534866,0.7410246985317259,0.7410246985317259,0.7410246985317259,0.6694576863534866
0.027681809516963068,0.027681809516963068,0.00010240854063259253,0.00010240854063259253,0.26114939594244113,0.26114939594244113,0.26114939594244113,0.00010240854063259253
0.09168672215663842,0.09168672215663842,0.07627985657931997,0.07627985657931997,0.16256969359832651,0.16256969359832651,0.16256969359832651,0.07627985657931997
0.19196257115497972,0.19196257115497972,0.14289229905152828,0.14289229905152828,0.3026988000422609,0.3026988000422609,0.3026988000422609,0.14289229905152828
-1.0961826251214843,-1.0961826251214843,-1.044754403507279,-1.044754403507279,-0.9275742321168894,-0.9275742321168894,-0.9275742321168894,-1.044754403507279
-0.3608601841845653,-0.3608601841845653,-0.5067484699990566,-0.5067484699990566,-0.7908757932454689,-0.7908757932454689,-0.7908757932454689,-0.5067484699990566
0.41502068468785747,0.41502068468785747,0.31051312409472515,0.31051312409472515,0.47323654275814686,0.47323654275814686,0.47323654275814686,0.31051312409472515
0.17666552333916688,0.17666552333916688,0.027724685894644933,0.027724685894644933,0.6405586225948582,0.6405586225948582,0.6405586225948582,0.027724685894644933
-0.7204463402195936,-0.7204463402195936,-0.7120150211478552,-0.7120150211478552,-0.37709271960598867,-0.37709271960598867,-0.37709271960598867,-0.7120150211478552
0.3339054449449372,0.3339054449449372,0.336656854667528,0.336656854667528,0.4404486615284052,0.4404486615284052,0.4404486615284052,0.336656854667528
0.39233232746992003,0.39233232746992003,0.3895546105801735,0.3895546105801735,0.41318730872452575,0.41318730872452575,0.41318730872452575,0.3895546105801735
-0.37698573162002447,-0.37698573162002447,-0.39849261161364186,-0.39849261161364186,-0.4814777073250297,-0.4814777073250297,-0.4814777073250297,-0.39849261161364186
-0.6718521593551054,-0.6718521593551054,-0.6555592272592762,-0.6555592272592762,-0.5994792730505845,-0.5994792730505845,-0.5994792730505845,-0.6555592272592762
-0.45409857483734273,-0.45409857483734273,-0.4501286510161616,-0.4501286510161616,-0.39457948126023384,-0.39457948126023384,-0.39457948126023384,-0.4501286510161616
-0.03262584434950877,-0.03262584434950877,-0.2854059902581542,-0.2854059902581542,0.1540978782112675,0.1540978782112675,0.1540978782112675,-0.2854059902581542
-0.02649265921683015,-0.02649265921683015,-0.02728080042894248,-0.02728080042894248,-0.10822811860699713,-0.10822811860699713,-0.10822811860699713,-0.02728080042894248
-0.0715796267790901,-0.0715796267790901,-0.1795573648548616,-0.1795573648548616,0.17763171040285325,0.17763171040285325,0.17763171040285325,-0.1795573648548616
-0.5173577231255587,-0.5173577231255587,-0.5166889934107941,-0.5166889934107941,-0.7182256019719344,-0.7182256019719344,-0.7182256019719344,-0.5166889934107941
-0.6400978583828912,-0.6400978583828912,-0.9146296276459607,-0.9146296276459607,-0.44424907857978535,-0.44424907857978535,-0.44424907857978535,-0.9146296276459607
-0.4818523137363983,-0.4818523137363983,-0.45042716359357154,-0.45042716359357154,-0.3693118845431408,-0.3693118845431408,-0.3693118845431408,-0.45042716359357154
0.20528976305169797,0.20528976305169797,0.1109902204896975,0.1109902204896975,0.14990910855961548,0.14990910855961548,0.14990910855961548,0.1109902204896975
0.07124172916704334,0.07124172916704334,-0.07453579871476894,-0.07453579871476894,0.36857269472623183,0.36857269472623183,0.36857269472623183,-0.07453579871476894
0.1654193831711861,0.1654193831711861,0.25858516645022134,0.25858516645022134,0.18802680383556067,0.18802680383556067,0.18802680383556067,0.25858516645022134
0.5696459164980584,0.5696459164980584,0.6226627219036798,0.6226627219036798,0.5737555703193887,0.5737555703193887,0.5737555703193887,0.6226627219036798
0.7449809855170662,0.7449809855170662,0.6711456078402609,0.6711456078402609,0.909608329800263,0.909608329800263,0.909608329800263,0.6711456078402609
-0.8081182342513794,-0.8081182342513794,-0.8382859331294875,-0.8382859331294875,-0.9283275528833743,-0.9283275528833743,-0.9283275528833743,-0.8382859331294875
0.0874583653285953,0.0874583653285953,-0.013807909865434422,-0.013807909865434422,0.1865152009338169,0.1865152009338169,0.1865152009338169,-0.013807909865434422
0.2235614323544698,0.2235614323544698,0.13668524371765675,0.13668524371765675,0.39395039420826977,0.39395039420826977,0.39395039420826977,0.13668524371765675
0.19645586464120526,0.19645586464120526,0.31263428187935877,0.31263428187935877,-0.08041683430782062,-0.08041683430782062,-0.08041683430782062,0.31263428187935877
-0.22294284899020142,-0.22294284899020142,-0.24018453285987787,-0.24018453285987787,-0.33601693073778693,-0.33601693073778693,-0.33601693073778693,-0.24018453285987787
0.1326012365076951,0.1326012365076951,0.15366086836224233,0.15366086836224233,0.27867009320166414,0.27867009320166414,0.27867009320166414,0.15366086836224233
-0.34908789178603844,-0.34908789178603844,-0.5053902119577702,-0.5053902119577702,-0.573097731336313,-0.573097731336313,-0.573097731336313,-0.5053902119577702
-0.08152358501104685,-0.08152358501104685,0.022032034968856355,0.022032034968856355,0.08874012930801778,0.08874012930801778,0.08874012930801778,0.022032034968856355
-0.5532069485769,-0.5532069485769,-0.6163519106225931,-0.6163519106225931,-0.5195922353996378,-0.5195922353996378,-0.5195922353996378,-0.6163519106225931
0.1199842453516775,0.1199842453516775,-0.04643156271856852,-0.04643156271856852,0.007808424878946396,0.007808424878946396,0.007808424878946396,-0.04643156271856852
0.28352898193335013,0.28352898193335013,0.11350564836445999,0.11350564836445999,0.3418760703312065,0.3418760703312065,0.3418760703312065,0.11350564836445999
-0.6536962713743627,-0.6536962713743627,-0.1265210149549962,-0.1265210149549962,-1.1588751277857463,-1.1588751277857463,-1.1588751277857463,-0.1265210149549962
-1.3049240225993008,-1.3049240225993008,-1.3083720480032137,-1.3083720480032137,-1.19268646184744,-1.19268646184744,-1.19268646184744,-1.3083720480032137
-0.600545664409943,-0.600545664409943,-0.6121507648544199,-0.6121507648544199,-0.4904610030405635,-0.4904610030405635,-0.4904610030405635,-0.6121507648544199
0.20974602107655002,0.20974602107655002,0.2517221475240145,0.2517221475240145,0.1902310873919001,0.1902310873919001,0.1902310873919001,0.2517221475240145
0.1247407245897953,0.1247407245897953,0.11303800475761623,0.11303800475761623,0.19744463676659726,0.19744463676659726,0.19744463676659726,0.11303800475761623
-0.33210279481740884,-0.33210279481740884,-0.41122944886323204,-0.41122944886323204,-0.09635331451610646,-0.09635331451610646,-0.09635331451610646,-0.41122944886323204
-0.5725747711737715,-0.5725747711737715,-0.648056507249116,-0.648056507249116,-0.2949107550224423,-0.2949107550224423,-0.2949107550224423,-0.648056507249116
-0.6179105780593123,-0.6179105780593123,-0.7565384845144111,-0.7565384845144111,-0.48714649303379454,-0.48714649303379454,-0.48714649303379454,-0.7565384845144111
0.018700174622973104,0.018700174622973104,0.0024799969012392264,0.0024799969012392264,-0.033568549535973435,-0.033568549535973435,-0.033568549535973435,0.0024799969012392264
-0.1216952143270536,-0.1216952143270536,-0.1553710326336763,-0.1553710326336763,-0.06402933918924156,-0.06402933918924156,-0.06402933918924156,-0.1553710326336763
-0.0393271710648548,-0.0393271710648548,-0.033921023983786255,-0.033921023983786255,0.07251246307428197,0.07251246307428197,0.07251246307428197,-0.033921023983786255
-0.7627028342673589,-0.7627028342673589,-0.7746525918372259,-0.7746525918372259,-0.817610544605983,-0.817610544605983,-0.817610544605983,-0.7746525918372259
-0.41408063810778245,-0.41408063810778245,-0.2789000401341548,-0.2789000401341548,-0.8229243144834297,-0.8229243144834297,-0.8229243144834297,-0.2789000401341548
-0.21480994938105327,-0.21480994938105327,-0.1630185154310366,-0.1630185154310366,-0.2615565304473896,-0.2615565304473896,-0.2615565304473896,-0.1630185154310366
-0.25136775501676345,-0.25136775501676345,-0.19214992816706214,-0.19214992816706214,-0.38807018050926023,-0.38807018050926023,-0.38807018050926023,-0.19214992816706214
-0.007475619455453775,-0.007475619455453775,-0.039850171420035,-0.039850171420035,0.06775713940926872,0.06775713940926872,0.06775713940926872,-0.039850171420035
-0.06794595011953466,-0.06794595011953466,-0.07788491621104031,-0.07788491621104031,0.06322948988340397,0.06322948988340397,0.06322948988340397,-0.07788491621104031
-0.10488348382661354,-0.10488348382661354,-0.14680584996901094,-0.14680584996901094,-0.017468839023259915,-0.017468839023259915,-0.017468839023259915,-0.14680584996901094
0.6530975292993918,0.6530975292993918,0.6990308761282266,0.6990308761282266,0.9743493813007933,0.9743493813007933,0.9743493813007933,0.6990308761282266
-0.3082812168331506,-0.3082812168331506,-0.327167681660709,-0.327167681660709,-0.46200719732442874,-0.46200719732442874,-0.46200719732442874,-0.327167681660709
-1.0354114576226268,-1.0354114576226268,-0.9031175735940593,-0.9031175735940593,-0.8479617965206492,-0.8479617965206492,-0.8479617965206492,-0.9031175735940593
-1.022852443356432,-1.022852443356432,-1.0597742339101317,-1.0597742339101317,-1.1151032809214183,-1.1151032809214183,-1.1151032809214183,-1.0597742339101317
0.685443275928774,0.685443275928774,0.6559565915867214,0.6559565915867214,0.543351201715087,0.543351201715087,0.543351201715087,0.6559565915867214
1.2421123814783046,1.2421123814783046,1.2685565778697911,1.2685565778697911,1.451643208555132,1.451643208555132,1.451643208555132,1.2685565778697911
-0.03794550353817707,-0.03794550353817707,-0.04182951425070421,-0.04182951425070421,0.23676226957418667,0.23676226957418667,0.23676226957418667,-0.04182951425070421
0.3184296302897347,0.3184296302897347,0.43362468685079303,0.43362468685079303,0.3487406827158811,0.3487406827158811,0.3487406827158811,0.43362468685079303
-0.1289759789654358,-0.1289759789654358,-0.0019728214931133926,-0.0019728214931133926,-0.22049871757167377,-0.22049871757167377,-0.22049871757167377,-0.0019728214931133926
0.25632060280536473,0.25632060280536473,0.3863289789969703,0.3863289789969703,-0.08186606619195025,-0.08186606619195025,-0.08186606619195025,0.3863289789969703
0.41947782639672865,0.41947782639672865,0.3300194160309827,0.3300194160309827,0.15863008409997,0.15863008409997,0.15863008409997,0.3300194160309827
-0.10688301878941801,-0.10688301878941801,-0.03245039995515413,-0.03245039995515413,-0.04556690143135815,-0.04556690143135815,-0.04556690143135815,-0.03245039995515413
0.02367204318535721,0.02367204318535721,0.14560965820939392,0.14560965820939392,-0.28755145305557855,-0.28755145305557855,-0.28755145305557855,0.14560965820939392
-0.20322303343224912,-0.20322303343224912,-0.07793298555792293,-0.07793298555792293,-0.1542129393435891,-0.1542129393435891,-0.1542129393435891,-0.07793298555792293
0.19071489967947022,0.19071489967947022,0.02463829330028733,0.02463829330028733,0.006872109751541983,0.006872109751541983,0.006872109751541983,0.02463829330028733
-0.3954586352759058,-0.3954586352759058,-0.45451649787897525,-0.45451649787897525,-0.41408445876336886,-0.41408445876336886,-0.41408445876336886,-0.45451649787897525
-0.06128427573097619,-0.06128427573097619,-0.16542882196215158,-0.16542882196215158,0.18786793304137456,0.18786793304137456,0.18786793304137456,-0.16542882196215158
1.90979357185949,1.90979357185949,1.9254073694685965,1.9254073694685965,1.8038589892784294,1.8038589892784294,1.8038589892784294,1.9254073694685965
0.7076162471085864,0.7076162471085864,0.6084011637872759,0.6084011637872759,0.9446698828892277,0.9446698828892277,0.9446698828892277,0.6084011637872759
0.40953379361531095,0.40953379361531095,0.7122870056523325,0.7122870056523325,0.40893609437838185,0.40893609437838185,0.40893609437838185,0.7122870056523325
0.08245851689837395,0.08245851689837395,0.13273810226863988,0.13273810226863988,0.45204993205967314,0.45204993205967314,0.45204993205967314,0.13273810226863988
0.8940629523439156,0.8940629523439156,0.8668009839834154,0.8668009839834154,0.8079556733294135,0.8079556733294135,0.8079556733294135,0.8668009839834154
0.7474718444397251,0.7474718444397251,0.7452385128513639,0.7452385128513639,0.8136477166252396,0.8136477166252396,0.8136477166252396,0.7452385128513639
-0.5057121136860939,-0.5057121136860939,-0.5437732521621734,-0.5437732521621734,-0.3729702126820943,-0.3729702126820943,-0.3729702126820943,-0.5437732521621734
-0.2901129116052351,-0.2901129116052351,0.01877958850764628,0.01877958850764628,-0.4999170608047363,-0.4999170608047363,-0.4999170608047363,0.01877958850764628
0.5763339366139092,0.5763339366139092,0.43509692196098954,0.43509692196098954,0.6414721630215678,0.6414721630215678,0.6414721630215678,0.43509692196098954
-0.21346124106345532,-0.21346124106345532,-0.14548109981301938,-0.14548109981301938,-0.36263344319887075,-0.36263344319887075,-0.36263344319887075,-0.14548109981301938
